Tweep,Aantal
ErikDeVlieger1,50
Missymissie12,41
aidenpeters1994,35
B1r9i8a6n,32
HaddockIsBoos,29
TuijnmanJasper,17
belsammael,16
castwitz,11
SlinkseGek,11
bob_vries,11
T4antiw4ppie,11
Mia_Leeuwin,6
JLUGTE,5
HenkBos31467326,4
Rent_an_Idiot,2
molientjedemol,2
StewieG26318908,2
LordPengwyn,2
boggersnap,1
DonQuixote2583,1
groenevink,1
Dobbelbobbel,1
Revstar502t,1
TruePiece1,1
Petra_Lambers,1
JuliusZebra,1
paulcaballo2,1
MyMainManSteve1,1
jaken69261993,1
Martijn___,1
xs4me2,1
egschiroli,1
orson_official,1
Saint_William_,1
Mister_HSA,1
ChristusTePert,1
